{
    "appButtomRule": {
      "defaultIndex": 0,
      "tabList": [
        {
          "index": 0,
          "tabType": "device",
          "path": "pages/coin/coin",
          "badge": {
            "dot": false,
            "text": "",
            "bgColor": "FFFFFFFF",
            "textColor": "FFFFFFFF"
          },
          "style": {
            "selected": {
              "text": "设备",
              "textColor": "FFBC995E",
              "icon": "https://cdn-cn-oss-dreame-store.dreame.tech/dreame-php-mall/prod/images/202509/68c12ae6d3c2e8670010275.png"
            },
            "normal": {
              "text": "设备",
              "textColor": "FFA6A6A6",
              "icon": "https://cdn-cn-oss-dreame-store.dreame.tech/dreame-php-mall/prod/images/202509/68c12ae9534513410011286.png"
            },
            "lottie": ""
          }
        },
        {
          "index": 1,
          "tabType": "mine",
          "path": "",
          "badge": {
            "dot": false,
            "text": "",
            "bgColor": "",
            "textColor": ""
          },
          "style": {
            "selected": {
              "text": "我的",
              "textColor": "FFBC995E",
              "icon": "https://cdn-cn-oss-dreame-store.dreame.tech/dreame-php-mall/prod/images/202509/68c12bc5b3d9d7370009040.png"
            },
            "normal": {
              "text": "我的",
              "textColor": "FFA6A6A6",
              "icon": "https://cdn-cn-oss-dreame-store.dreame.tech/dreame-php-mall/prod/images/202509/68c12bc9811f65290009111.png"
            },
            "lottie": ""
          }
        }
      ]
    }
  }
  